"1075F00108000000";"4720";" ";"";"HIGHPOINT";"DR";"";"";"GIBSONIA";"PA";"15044";"20";"Hampton Township";"914";"Hampton  ";"2012-09-27";"2012-09-27";"120000";"15020";"356";"3";"DE";"DEED"
"0011A00237000000";"0";" ";"";"LOMBARD";"ST";"";"";"PITTSBURGH";"PA";"15219";"47";"Pittsburgh";"103";"3rd Ward - PITTSBURGH";"2015-01-06";"2015-01-06";"1783";"TR15";"00002";"2";"TS";"TREASURER DEED"
"0011J00047000000";"1903";" ";"";"FORBES";"AVE";"";"";"PITTSBURGH";"PA";"15219";"47";"Pittsburgh";"101";"1st Ward  - PITTSBURGH";"2012-10-26";"2012-10-26";"4643";"TR13";"003";"2";"TS";"TREASURER DEED"
"0113B00029000000";"479";" ";"";"ROOSEVELT";"AVE";"";"";"PITTSBURGH";"PA";"15202";"29";"Northgate";"803";"Bellevue  ";"2017-03-27";"2017-03-06";"0";"16739";"166";"3";"CO";"CORRECTIVE DEED"
"0119S00024000000";"5418";" ";"";"CARNEGIE";"ST";"";"";"PITTSBURGH";"PA";"15201";"47";"Pittsburgh";"110";"10th Ward - PITTSBURGH";"2015-02-04";"2015-02-04";"27541";"TR15";"00059";"GV";"TS";"TREASURER DEED"
"0120D00075000000";"6311";" ";"";"BUTLER";"ST";"";"";"PITTSBURGH";"PA";"15201";"47";"Pittsburgh";"110";"10th Ward - PITTSBURGH";"2013-03-19";"2013-03-19";"1";"15181";"189";"99";"CO";"CORRECTIVE DEED"
"0125M00148000000";"0";" ";"";"KELLY";"ST";"";"";"PITTSBURGH";"PA";"15208";"47";"Pittsburgh";"112";"12th Ward - PITTSBURGH";"2012-10-26";"2012-10-26";"1824";"TR13";"089";"2";"TS";"TREASURER DEED"
"0133B00214000000";"419";" ";"";"UNION";"ST";"";"";"HOMESTEAD";"PA";"15120";"38";"Steel Valley";"840";"Munhall  ";"2016-07-12";"2016-06-30";"77000";"16456";"221";"99";"CO";"CORRECTIVE DEED"
"1361R00253000000";"127";" ";"";"MICHAEL";"RD";"";"";"CHESWICK";"PA";"15024";"12";"Deer Lakes";"952";"West Deer  ";"2016-09-21";"2016-09-12";"122000";"16544";"303";"36";"SW";"SPECIAL WARRANTY"
"0139P00233000000";"875";" ";"";"KILLARNEY";"DR";"";"";"PITTSBURGH";"PA";"15234";"22";"Keystone Oaks";"813";"Castle Shannon  ";"2012-05-24";"2012-05-24";"1";"14897";"369";"3";"CO";"CORRECTIVE DEED"
"1510N00180000000";"0";" ";"";"MOUNTAIN VIEW";"RD";"";"";"GIBSONIA";"PA";"15044";"12";"Deer Lakes";"952";"West Deer  ";"2013-09-12";"2013-09-12";"25000";"15372";"161";"99";"CO";"CORRECTIVE DEED"
"1518K00012000000";"1734";" ";"";"JUNIATA";"ST";"";"";"NATRONA HEIGHTS";"PA";"15065";"21";"Highlands";"916";"Harrison  ";"2015-04-17";"2015-04-13";"1";"15947";"104";"3";"CO";"CORRECTIVE DEED"
"1518K00020000000";"1738";" ";"";"PLEASANTVILLE";"RD";"";"";"NATRONA HEIGHTS";"PA";"15065";"21";"Highlands";"916";"Harrison  ";"2015-04-17";"2015-04-13";"1";"15947";"98";"3";"CO";"CORRECTIVE DEED"
"1678C00205000000";"1261";" ";"";"DAVIS";"ST";"";"";"NATRONA HEIGHTS";"PA";"15065";"21";"Highlands";"916";"Harrison  ";"2015-12-18";"2015-11-05";"15833";"16231";"480";"99";"CO";"CORRECTIVE DEED"
"1678S00159000000";"1013";" ";"";"BEACON";"ST";"";"";"NATRONA HEIGHTS";"PA";"15065";"21";"Highlands";"916";"Harrison  ";"2013-10-03";"2013-10-03";"18000";"15395";"147";"99";"CO";"CORRECTIVE DEED"
"1678G00353000000";"1261";" ";"";"DAVIS";"ST";"";"";"NATRONA HEIGHTS";"PA";"15065";"21";"Highlands";"916";"Harrison  ";"2015-12-18";"2015-11-05";"15833";"16231";"480";"99";"CO";"CORRECTIVE DEED"
"0173B00191000000";"7130";" ";"";"WILTSIE";"ST";"";"";"PITTSBURGH";"PA";"15206";"47";"Pittsburgh";"112";"12th Ward - PITTSBURGH";"2017-05-24";"2017-05-09";"30000";"16807";"291";"99";"CO";"CORRECTIVE DEED"
"0176D00286000000";"733";" ";"";"ROSS";"AVE";"";"";"PITTSBURGH";"PA";"15221";"46";"Wilkinsburg Boro";"866";"Wilkinsburg  ";"2019-07-03";"2019-06-07";"0";"17679";"449";"H";"CF";"CONFIRMATORY DEED"
"0176D00296000000";"725";" ";"";"ROSS";"AVE";"";"";"PITTSBURGH";"PA";"15221";"46";"Wilkinsburg Boro";"866";"Wilkinsburg  ";"2019-07-03";"2019-06-07";"0";"17679";"449";"H";"CF";"CONFIRMATORY DEED"
"0178C00200000000";"7400";" -7406";"";"CHURCH";"ST";"";"";"PITTSBURGH";"PA";"15218";"09";"Woodland Hills";"854";"Swissvale  ";"2019-03-13";"2017-09-29";"2000000";"17545";"564";"99";"CO";"CORRECTIVE DEED"
"0178M00124000000";"7517";" ";"";"ARDMORE";"ST";"";"";"PITTSBURGH";"PA";"15218";"09";"Woodland Hills";"854";"Swissvale  ";"2013-08-30";"2013-08-30";"1";"15358";"185";"99";"CO";"CORRECTIVE DEED"
"0180P00051000100";"0";" ";"";"HENRY";"ST";"";"";"HOMESTEAD";"PA";"15120";"45";"West Mifflin Area";"865";"Whitaker  ";"2019-07-29";"2019-05-01";"200";"17708";"480";"H";"CO";"CORRECTIVE DEED"
"0181M00177000000";"0";" ";"";"3RD";"AVE";"";"";"WEST MIFFLIN";"PA";"15122";"45";"West Mifflin Area";"870";"West Mifflin  ";"2017-04-27";"2017-04-20";"600";"16775";"545";"H";"CO";"CORRECTIVE DEED"
"0002A00127000000";"525";" ";"";"SMITHFIELD";"ST";"";"";"PITTSBURGH";"PA";"15222";"47";"Pittsburgh";"102";"2nd Ward - PITTSBURGH";"2012-08-16";"2012-08-16";"630000";"14980";"587";"3";"FD";"FIDUCIARY DEED"
"2007H00108000000";"5956";" ";"";"HECKERT";"RD";"";"";"BAKERSTOWN";"PA";"15007";"03";"Pine-Richland";"938";"Richland  ";"2015-07-31";"2015-07-29";"1";"16069";"515";"3";"DE";"DEED"
"0211H00095000000";"0";" ";"";"NEVILLE";"RD";"";"";"PITTSBURGH";"PA";"15225";"11";"Cornell";"928";"Neville  ";"2016-08-26";"2012-03-27";"10000";"16515";"60";"99";"CO";"CORRECTIVE DEED"
"0236D00238000000";"232";" ";"";"COPELAND";"AVE";"";"";"BRADDOCK";"PA";"15104";"09";"Woodland Hills";"843";"North Braddock  ";"2019-06-25";"2019-06-21";"0";"17668";"216";"H";"CO";"CORRECTIVE DEED"
"0235N00272000000";"2439";" ";"";"WAVERLY";"ST";"";"";"PITTSBURGH";"PA";"15218";"09";"Woodland Hills";"854";"Swissvale  ";"2013-08-30";"2013-08-30";"1";"15358";"185";"99";"CO";"CORRECTIVE DEED"
"0246K00059000000";"1684";" ";"";"BERYL";"DR";"";"";"PITTSBURGH";"PA";"15227";"04";"Baldwin Whitehall";"877";"Baldwin Boro  ";"2017-10-03";"2017-08-21";"0";"16962";"179";"3";"CO";"CORRECTIVE DEED"
"0028S00015000000";"3411";" ";"";"DAWSON";"ST";"";"";"PITTSBURGH";"PA";"15213";"47";"Pittsburgh";"104";"4th Ward - PITTSBURGH";"2019-10-29";"2019-10-10";"0";"17818";"452";"GV";"CO";"CORRECTIVE DEED"
"0028S00066000000";"3326";" ";"";"DAWSON";"ST";"";"";"PITTSBURGH";"PA";"15213";"47";"Pittsburgh";"104";"4th Ward - PITTSBURGH";"2013-04-23";"2013-04-23";"157000";"15213";"395";"0";"DE";"DEED"
"0034A00238000000";"0";" ";"";"TRAYMORE";"AVE";"";"";"PITTSBURGH";"PA";"15216";"47";"Pittsburgh";"119";"19th Ward - PITTSBURGH";"2019-03-11";"2019-03-06";"18000";"17543";"22";"H";"CO";"CORRECTIVE DEED"
"0034A00240000000";"213";" ";"";"TRAYMORE";"AVE";"";"";"PITTSBURGH";"PA";"15216";"47";"Pittsburgh";"119";"19th Ward - PITTSBURGH";"2019-03-11";"2019-03-06";"18000";"17543";"22";"H";"CO";"CORRECTIVE DEED"
"0034A00241000000";"0";" ";"";"TRAYMORE";"AVE";"";"";"PITTSBURGH";"PA";"15216";"47";"Pittsburgh";"119";"19th Ward - PITTSBURGH";"2019-03-11";"2019-03-06";"18000";"17543";"22";"H";"CO";"CORRECTIVE DEED"
"0374G00048000000";"215";" ";"";"WILKINS";"AVE";"";"";"EAST PITTSBURGH";"PA";"15112";"09";"Woodland Hills";"814";"Chalfant  ";"2013-11-06";"2013-11-06";"1";"15425";"280";"99";"CO";"CORRECTIVE DEED"
"0372N00182000000";"249";" ";"";"SHARON";"DR";"";"";"PITTSBURGH";"PA";"15221";"09";"Woodland Hills";"828";"Forest Hills  ";"2012-04-17";"2012-04-17";"63000";"14863";"125";"9";"CO";"CORRECTIVE DEED"
"0392R00110000000";"1031";" ";"";"PAXTON";"DR";"";"";"BETHEL PARK";"PA";"15102";"05";"Bethel Park";"876";"Bethel Park  ";"2013-10-16";"2013-10-16";"0";"15405";"360";"99";"CO";"CORRECTIVE DEED"
"0414D00150000000";"0";" ";"";"BROOKSIDE";"LN";"";"";"CORAOPOLIS";"PA";"15108";"25";"Moon Area";"925";"Moon  ";"2013-10-18";"2013-10-18";"195172";"15408";"160";"99";"CO";"CORRECTIVE DEED"
"0414D00025000000";"0";" ";"";"LAKEVIEW";"DR";"";"";"CORAOPOLIS";"PA";"15108";"25";"Moon Area";"925";"Moon  ";"2013-10-18";"2013-10-18";"195172";"15408";"160";"99";"CO";"CORRECTIVE DEED"
"0414D00026000100";"0";" ";"";"LAKEVIEW";"DR";"";"";"CORAOPOLIS";"PA";"15108";"25";"Moon Area";"925";"Moon  ";"2013-10-18";"2013-10-18";"14209";"15408";"160";"99";"CO";"CORRECTIVE DEED"
"0430N00282000000";"220";" ";"";"MONROE";"DR";"";"";"PITTSBURGH";"PA";"15229";"28";"North Hills";"940";"Ross  ";"2018-01-18";"2018-01-17";"1";"17083";"528";"3";"CO";"CORRECTIVE DEED"
"0430R00122000000";"137";" ";"";"3RD";"AVE";"";"";"PITTSBURGH";"PA";"15229";"28";"North Hills";"940";"Ross  ";"2012-02-21";"2012-02-21";"1";"14816";"253";"3";"DE";"DEED"
"0433F00176000000";"2507";" ";"";"OAKWOOD";"RD";"";"";"GLENSHAW";"PA";"15116";"34";"Shaler Area";"944";"Shaler  ";"2012-08-15";"2012-08-15";"73000";"14979";"227";"N";"SD";"SHERIFF DEED"
"0449N00211000000";"11515";" ";"";"CLEMATIS";"BLVD";"";"";"PITTSBURGH";"PA";"15235";"30";"Penn Hills Twp";"934";"Penn Hills  ";"2016-09-08";"2016-08-30";"123944";"166529";"171";"0";"DE";"DEED"
"0452F00032000000";"3611";" ";"";"RIDGEWOOD";"DR";"";"";"PITTSBURGH";"PA";"15235";"09";"Woodland Hills";"953";"Wilkins ";"2018-09-13";"2018-08-22";"128000";"17355";"570";"99";"CO";"CORRECTIVE DEED"
"0459K00147000000";"509";" ";"";"CEDARHURST";"DR";"";"";"NORTH VERSAILLES";"PA";"15137";"14";"East Allegheny";"930";"North Versailles  ";"2016-09-14";"2016-09-09";"77000";"16536";"292";"H";"SW";"SPECIAL WARRANTY"
"0460A00371000000";"138";" ";"";"HIGHLAND";"AVE";"";"";"MC KEESPORT";"PA";"15132";"23";"McKeesport Area";"408";"8th Ward  - McKEESPORT";"2018-07-12";"2018-06-27";"1";"17282";"26";"3";"CO";"CORRECTIVE DEED"
"0048S00268000000";"3480";" ";"";"BUTLER";"ST";"";"";"PITTSBURGH";"PA";"15201";"47";"Pittsburgh";"106";"6th Ward - PITTSBURGH";"2017-09-05";"2017-08-28";"87500";"16929";"536";"99";"CF";"CONFIRMATORY DEED"
"0049N00217000A00";"3473";" ";"";"DENNY";"ST";"";"";"PITTSBURGH";"PA";"15201";"47";"Pittsburgh";"106";"6th Ward - PITTSBURGH";"2020-01-13";"2020-01-13";"18000";"17902";"384";"99";"CO";"CORRECTIVE DEED"
"0050L00203000000";"5218";" ";"";"BROAD";"ST";"";"";"PITTSBURGH";"PA";"15224";"47";"Pittsburgh";"110";"10th Ward - PITTSBURGH";"2014-07-03";"2014-07-03";"7000";"15654";"161";"99";"CO";"CORRECTIVE DEED"
