<?xml version="1.1" encoding="UTF-8"?>
<expression:EMFExpression xmi:version="2.0" xmlns:xmi="http://www.omg.org/XMI" xmlns:expression="http:///expression.ecore" id="tMap_1=>" expression="TalendDate.parseDate(&quot;YYYYMMDD&quot;,row1.SALEDATE )">
  <variables name="row1.PARID" value="null" talendType="id_String" nullable="true"/>
  <variables name="row1.PROPERTYHOUSENUM" value="null" talendType="id_Integer" nullable="true"/>
  <variables name="row1.PROPERTYFRACTION" value="null" talendType="id_String" nullable="true"/>
  <variables name="row1.PROPERTYADDRESSDIR" value="null" talendType="id_String" nullable="true"/>
  <variables name="row1.PROPERTYADDRESSSTREET" value="null" talendType="id_String" nullable="true"/>
  <variables name="row1.PROPERTYADDRESSSUF" value="null" talendType="id_String" nullable="true"/>
  <variables name="row1.PROPERTYADDRESSUNITDESC" value="null" talendType="id_String" nullable="true"/>
  <variables name="row1.PROPERTYUNITNO" value="null" talendType="id_String" nullable="true"/>
  <variables name="row1.PROPERTYCITY" value="null" talendType="id_String" nullable="true"/>
  <variables name="row1.PROPERTYSTATE" value="null" talendType="id_String" nullable="true"/>
  <variables name="row1.PROPERTYZIP" value="null" talendType="id_String" nullable="true"/>
  <variables name="row1.SCHOOLCODE" value="null" talendType="id_String" nullable="true"/>
  <variables name="row1.SCHOOLDESC" value="null" talendType="id_String" nullable="true"/>
  <variables name="row1.MUNICODE" value="null" talendType="id_String" nullable="true"/>
  <variables name="row1.MUNIDESC" value="null" talendType="id_String" nullable="true"/>
  <variables name="row1.RECORDDATE" value="null" talendType="id_String" nullable="true"/>
  <variables name="row1.SALEDATE" value="null" talendType="id_String" nullable="true"/>
  <variables name="row1.PRICE" value="null" talendType="id_String" nullable="true"/>
  <variables name="row1.DEEDBOOK" value="null" talendType="id_String" nullable="true"/>
  <variables name="row1.DEEDPAGE" value="null" talendType="id_String" nullable="true"/>
  <variables name="row1.SALECODE" value="null" talendType="id_String" nullable="true"/>
  <variables name="row1.INSTRTYP" value="null" talendType="id_String" nullable="true"/>
  <variables name="row1.INSTRTYPDESC" value="null" talendType="id_String" nullable="true"/>
  <variables name="row2.Validity_Group" value="null" talendType="id_String" nullable="true"/>
  <variables name="row2.Code" value="null" talendType="id_String" nullable="true"/>
  <variables name="row2.Code_Description" value="null" talendType="id_String" nullable="true"/>
  <variables name="row2.Additional_Description" value="null" talendType="id_String" nullable="true"/>
</expression:EMFExpression>
